1,2024-07-29T16:16,2024-08-07T20:17
1,2024-07-29T16:16,2024-08-07T20:17
1,2024-07-29T16:18,2024-07-31T16:18
1,2024-07-29T16:22,2024-07-31T16:22
1,2024-07-29T16:25,2024-07-31T16:25
1,2024-07-29T16:25,2024-07-31T16:25
2,2024-07-29T16:25,2024-07-31T16:25
2,2024-07-29T16:46,2024-07-31T16:46
2,2024-07-29T16:47,2024-07-29T16:47
3,2024-07-29T16:49,2024-07-31T16:49
1,2,2024-07-29T16:57,2024-07-30T16:58
2,2,2024-07-29T16:57,2024-07-30T16:58
3,3,2024-07-29T17:03,2024-07-29T17:04
4,3,2024-07-29T17:05,2024-07-29T17:05
5,3,2024-07-29T17:05,2024-07-29T17:05
